{"iters": [0, 1, 11, 21, 31, 41, 51, 61, 71, 81, 91, 101], "mAP_GC": [0.7987834274315705, 0.7755177372330582, 0.7280320720638663, 0.8315094945381283, 0.8053914607454821, 0.8865305307796978, 0.8112575083744075, 0.8390190946467118, 0.8505516249020778, 0.8391180715956905, 0.872614374983197, 0.8562855679980325], "mAP_CT": [0.51963943701722, 0.3424441198149213, 0.16426586255857595, 0.2835075983962336, 0.2988837444759935, 0.33553647032254813, 0.283508237458225, 0.29237942450217946, 0.3655515482700564, 0.3413320855785266, 0.3511237966969391, 0.3403941911008668], "mAP_SC": [0.47496701015304493, 0.43897759577112705, 0.25012742299746726, 0.4355985607012921, 0.42208630939637937, 0.4859544302075681, 0.39447445675558607, 0.39231299974643946, 0.4837627004541223, 0.43594029070882034, 0.47698181045557503, 0.45878667510386495]}