{"iters": [0, 1, 11, 21, 31, 41, 51, 61, 71, 81, 91, 101], "mAP_GC": [0.8032275879537427, 0.7645872533430657, 0.6543019823337358, 0.6551335334018289, 0.6506232827085495, 0.6541154775423556, 0.6450856155231147, 0.6467852516630092, 0.6507608888800993, 0.6529594756157036, 0.6524652488939073, 0.65179314487557], "mAP_CT": [0.5756265299520703, 0.4731888025045817, 0.24774509716637647, 0.25422340231337764, 0.2706742341791669, 0.2765958730543822, 0.2856279759293124, 0.2763642262112311, 0.27090127607121783, 0.26614988647531623, 0.27562708758599813, 0.27277096757178937], "mAP_SC": [0.619143116472541, 0.5259981382102966, 0.3014778475746348, 0.3092980924578585, 0.3168544856834402, 0.3245355140824209, 0.33329821475005844, 0.3295604168965388, 0.3246480591478787, 0.32215990609548073, 0.33008146076597716, 0.3273604160813616]}