{"iters": [0, 1, 11, 21, 31, 41, 51, 61, 71, 81, 91, 101], "mAP_GC": [0.7987834274315705, 0.8787207067963853, 0.76378682230558, 0.7956536751158578, 0.788819480449162, 0.807924028792705, 0.8120652790673107, 0.8321761170374018, 0.7872728704241129, 0.803877339587357, 0.8197107350331282, 0.8207793737801555], "mAP_CT": [0.51963943701722, 0.37733287194655113, 0.17997854244517503, 0.1964851020958316, 0.17896527894737618, 0.18608149739059734, 0.20288748493437891, 0.22518595197393315, 0.1992050660615123, 0.20599099384468708, 0.19377340430569642, 0.20470465407940666], "mAP_SC": [0.47496701015304493, 0.3896780069624988, 0.30636384933215066, 0.2758126072252805, 0.2750852941225955, 0.2563602689137759, 0.19603474624146064, 0.2150831715467572, 0.1847359817182079, 0.20906848662643443, 0.19817362291273374, 0.19943945264006446]}