{"iters": [0, 1, 11, 21, 31, 41, 51, 61, 71, 81, 91, 101], "mAP_GC": [0.8032275879537427, 0.7651634233608151, 0.6240463289745805, 0.6014827658317893, 0.6119462218285592, 0.6083490535194822, 0.5947447570362261, 0.5939224497462604, 0.5908859046013969, 0.5851265924194732, 0.5856098790369649, 0.5847275507812648], "mAP_CT": [0.5756265299520703, 0.4550272710046425, 0.16411448542478183, 0.1738044452241419, 0.16096765159319562, 0.17730670155345907, 0.1774512396535312, 0.18018589227444545, 0.17823063924880875, 0.18489194146926344, 0.17927099945834465, 0.17756969251651913], "mAP_SC": [0.619143116472541, 0.5053249334476232, 0.22519575176121456, 0.23080464318247096, 0.23383154762808483, 0.23214383040921355, 0.22346264261307108, 0.22420155511212106, 0.22616879044659616, 0.22988643680379361, 0.22478679968613627, 0.22367310091930281]}