{"iters": [0, 1, 11, 21, 31, 41, 51, 61, 71, 81, 91, 101], "mAP_GC": [0.7987834274315705, 0.851863504248428, 0.8905227886362928, 0.9310348795513345, 0.8572170882119994, 0.8465376293339508, 0.7973882306853052, 0.8234299871758709, 0.8032284933561524, 0.7596934678625737, 0.8035180462273328, 0.7924461079793346], "mAP_CT": [0.51963943701722, 0.4060285057257561, 0.28430846797001014, 0.22421457587344223, 0.2484286462030081, 0.25373674148879344, 0.3028792779776866, 0.2990299543055168, 0.34399584896155666, 0.34977890630353853, 0.36649427278633095, 0.3510784869654689], "mAP_SC": [0.47496701015304493, 0.4522626545498731, 0.4640046345274625, 0.36064853142717, 0.30924367376123973, 0.2806289305163184, 0.3424903081471379, 0.3101463831611858, 0.3361143803957603, 0.3202404006332141, 0.32619768507195573, 0.3127657320034007]}