{"iters": [0, 1, 11, 21, 31, 41, 51, 61, 71, 81, 91, 101], "mAP_GC": [0.8032275879537427, 0.7637962291719477, 0.6526660721322487, 0.6621573493403144, 0.6611128391515115, 0.66362076978496, 0.6603355808725536, 0.6630249600376389, 0.6626670629719157, 0.6644396640164746, 0.6654817944015847, 0.6642401225462912], "mAP_CT": [0.5756265299520703, 0.45158760378024176, 0.27629010010883537, 0.2918786224833415, 0.3018875979419156, 0.29810776535364875, 0.29924544125139746, 0.299338988806001, 0.2990009722537217, 0.29925952773915965, 0.2992499204301651, 0.30123804356700007], "mAP_SC": [0.619143116472541, 0.5002070641320597, 0.3411183908085452, 0.35205475458832874, 0.35300271630441, 0.3525556669519297, 0.35628700766835997, 0.3539665824403413, 0.3539445684040255, 0.3556541996295413, 0.35512815822657184, 0.3585393825264719]}