{"iters": [0, 1, 11, 21, 31, 41, 51, 61, 71, 81, 91, 101], "mAP_GC": [0.8032275879537427, 0.768785482051471, 0.6202422014997564, 0.6297765395808828, 0.6371462530465352, 0.6203307845917678, 0.6249578688548333, 0.6109323256040372, 0.6272251372873212, 0.6260503841862409, 0.609848078418687, 0.6371348454221253], "mAP_CT": [0.5756265299520703, 0.4758623438520802, 0.18535316284208664, 0.21367696902223515, 0.22375901158553071, 0.21342730967489232, 0.21661369906247027, 0.20554718137822078, 0.21671587027010114, 0.21542550213231326, 0.2134228853176337, 0.24049975672608634], "mAP_SC": [0.619143116472541, 0.5329828720114069, 0.2578129442904339, 0.3006661141937581, 0.2861106225278261, 0.27385125826494733, 0.2929703372517807, 0.27751495328450304, 0.28605057131825035, 0.30172795959309856, 0.2732764988355856, 0.30068094655593874]}