{"iters": [0, 1, 11, 21, 31, 41, 51, 61, 71, 81, 91, 101], "mAP_GC": [0.7065290983823682, 0.6010257645514993, 0.5652783551891961, 0.5661975351719842, 0.55421882179752, 0.5495480929961595, 0.548843593761431, 0.5512351330847264, 0.5520668539039321, 0.5461182365835648, 0.5459025946823717, 0.5434698978516772], "mAP_CT": [0.3631747906117254, 0.25011985842597334, 0.15121016181057, 0.14733344060101855, 0.1448214960388114, 0.14616218688088828, 0.13571580177543455, 0.14343285339043094, 0.1435733814360185, 0.14604201220170487, 0.14564610036061312, 0.14179017982012085], "mAP_SC": [0.5409582755674078, 0.4329587157555388, 0.33847892173938304, 0.33589812923943, 0.32516918655988614, 0.33093638054020486, 0.3148456282727839, 0.31685861279135036, 0.31648841918051884, 0.31694170193424115, 0.3172856353774408, 0.31941234439504573]}