{"iters": [0, 1, 11, 21, 31, 41, 51, 61, 71, 81, 91, 101], "mAP_GC": [0.7065290983823682, 0.5937405220225143, 0.490979474961934, 0.49651156352696624, 0.4906387844883105, 0.4817818896711211, 0.494512206408582, 0.5254746936680023, 0.5157255797685385, 0.5222209914641546, 0.5236803162517053, 0.5205153953949821], "mAP_CT": [0.3631747906117254, 0.25353895789071385, 0.11441029298256741, 0.10507845647978517, 0.09447451469143936, 0.09485279989618225, 0.097166334503512, 0.13350834827101413, 0.11744446917857097, 0.12878963094848211, 0.12519901923964286, 0.12944891700903974], "mAP_SC": [0.5409582755674078, 0.43010501912497867, 0.2532379103437917, 0.254646052729121, 0.26043545259152784, 0.26319788018385964, 0.2345297265191942, 0.2728399637272642, 0.25431703996009913, 0.2695625113682084, 0.26023803814390145, 0.2638851620538007]}