{"iters": [0, 1, 11, 21, 31, 41, 51, 61, 71, 81, 91, 101], "mAP_GC": [0.7065290983823682, 0.6059721913048933, 0.5231826339188403, 0.522084766825657, 0.5365900952977044, 0.5398849872115373, 0.5293599235158243, 0.5250709961149232, 0.5335909206158312, 0.5441254983413754, 0.5483154953185163, 0.5533117600353447], "mAP_CT": [0.3631747906117254, 0.23817941046564076, 0.08575783452109562, 0.09017506139371465, 0.12080403451324503, 0.10190512047292233, 0.08484490487057567, 0.085785706298632, 0.12532312261325418, 0.13817231360639512, 0.11940035850658916, 0.1290071145935439], "mAP_SC": [0.5409582755674078, 0.4142747371924255, 0.22170378208238878, 0.22087869805442045, 0.2556132847723939, 0.232284444685977, 0.2328450261435597, 0.2527458655308284, 0.2702816009797603, 0.2926310911757525, 0.2745607522463108, 0.27331988824006]}