{"iters": [0, 1, 11, 21, 31, 41, 51, 61, 71, 81, 91, 101], "mAP_GC": [0.6975644465034434, 0.8107558082012453, 0.7041808649669331, 0.7006495453808956, 0.6862452166107331, 0.6710027357217252, 0.638029988799627, 0.49035202186444443, 0.45936344828567205, 0.4338700691758082, 0.4793585731756715, 0.4365039052148586], "mAP_CT": [0.34278985393907563, 0.649602194663495, 0.9716993464052287, 0.8900551353874884, 0.8490065156578315, 0.8626278225672962, 0.7978730158730158, 0.420145694096352, 0.4156781446036477, 0.22771823953337111, 0.351819837823998, 0.3753487388543116], "mAP_SC": [0.5569318082654569, 0.5875830057055083, 0.6028607145006001, 0.5865373272046669, 0.5636954758825485, 0.6002123810978114, 0.5639636338351822, 0.46219588836066056, 0.43165299780915106, 0.3871507840922983, 0.48055649284271024, 0.4525227010555728]}