{"iters": [0, 1, 11, 21, 31, 41, 51, 61, 71, 81, 91, 101], "mAP_GC": [0.6975644465034434, 0.8808929613785698, 0.7070976338804074, 0.6961234381559811, 0.753491422600645, 0.7709629632542518, 0.8049847105644182, 0.7642376697271281, 0.7152995191643398, 0.6288040817946356, 0.5951713470261382, 0.5685194918307721], "mAP_CT": [0.34278985393907563, 0.807801484257432, 0.9463447288006112, 0.7945069782505013, 0.8685734126984127, 0.6972699124015093, 0.8389426961926962, 0.781523631923632, 0.6982598622782447, 0.6594320872754696, 0.7077441724941725, 0.6844521122152701], "mAP_SC": [0.5569318082654569, 0.7384783964567002, 0.657793317859363, 0.5922082543281193, 0.6247117512950552, 0.5727616085025599, 0.6812620862162986, 0.7076850825864761, 0.6496351453347853, 0.6288938596562822, 0.6782463678741081, 0.670012176434667]}