{"iters": [0, 1, 11, 21, 31, 41, 51, 61, 71, 81, 91, 101], "mAP_GC": [0.7065290983823682, 0.6005491978229511, 0.5520995792160661, 0.565928226121275, 0.5563392073063366, 0.5511807089956298, 0.5478956557330329, 0.5478216329777215, 0.5457017445362015, 0.5424691151537383, 0.5455528270788285, 0.5417775923067571], "mAP_CT": [0.3631747906117254, 0.2564698501762942, 0.14213197925512167, 0.15868946621717703, 0.16586670333942694, 0.16641016528218724, 0.16346033266487528, 0.15696651986453328, 0.1508223965275528, 0.14686936550523644, 0.1514493322927939, 0.15118512200392636], "mAP_SC": [0.5409582755674078, 0.43600619765591386, 0.3275292984578976, 0.3352996802916781, 0.31816675807568945, 0.3188265298285178, 0.320333348660028, 0.315097886121515, 0.31243292487511853, 0.31355599362328535, 0.3194453674910081, 0.3182499027592553]}