{"iters": [0, 1, 11, 21, 31, 41, 51, 61, 71, 81, 91, 101], "mAP_GC": [0.6975644465034434, 0.5879929786184013, 0.6671592572131908, 0.6916391306076677, 0.6702385692966714, 0.6260751590966135, 0.5593282992578953, 0.6050755028556036, 0.7183494728053165, 0.6161287979914085, 0.5834369271192473, 0.6211453646385489], "mAP_CT": [0.34278985393907563, 0.555461196199134, 1.0, 1.0, 0.9768369963369964, 0.8538196192424133, 0.48870491923152526, 0.7139309136231682, 0.9861111111111112, 0.8512425064615468, 0.7436367538554293, 0.8270605986119144], "mAP_SC": [0.5569318082654569, 0.557148876145181, 0.5925920922961156, 0.5853096356035666, 0.5857059502403792, 0.5494313451882299, 0.49473602319996873, 0.5910479488291736, 0.5914340512331191, 0.5427896646738418, 0.5223011208775457, 0.558971621443535]}