{"iters": [0, 1, 11, 21, 31, 41, 51, 61, 71, 81, 91, 101], "mAP_GC": [0.6638056451298865, 0.7351723939688795, 0.6894856673276885, 0.7108141347512908, 0.6953802806418412, 0.7126719333029424, 0.7261161202178478, 0.7256397504691097, 0.6835778603796212, 0.7126764846405993, 0.7021998362291432, 0.7043579807484461], "mAP_CT": [0.3463802138272414, 0.513028030224073, 0.3551074974816342, 0.4495330908609898, 0.42958348267452995, 0.5380818835136394, 0.5152947649340727, 0.5441733701284539, 0.4863410532063396, 0.4877514912992221, 0.5353910992880365, 0.5087067969749698], "mAP_SC": [0.28630029776276467, 0.5018722500892625, 0.34044008302147316, 0.4201026682546425, 0.3541282428992307, 0.4493483553047142, 0.42009067635398106, 0.42017445850715396, 0.38569711240702187, 0.41239412138708104, 0.4503531988231215, 0.4396174306653398]}