{"iters": [0, 1, 11, 21, 31, 41, 51, 61, 71, 81, 91, 101], "mAP_GC": [0.6638056451298865, 0.6277642588128429, 0.8402162741500503, 0.7323233009144929, 0.6804346510069665, 0.7150856715354869, 0.661660629478781, 0.6825631304799987, 0.6858780283738571, 0.6751855441724351, 0.6313121623855599, 0.6265962265364295], "mAP_CT": [0.3463802138272414, 0.3875975752796433, 0.33193446823566086, 0.3289279746643418, 0.4154102236977505, 0.5370518816032899, 0.4941843146842382, 0.47095389291225054, 0.48246659535463565, 0.5185624592025908, 0.4837148932285874, 0.46569232208873407], "mAP_SC": [0.28630029776276467, 0.3439916672149986, 0.322571714791135, 0.3383219935857982, 0.4027576303146012, 0.5177023821338367, 0.4785701455174752, 0.47504326655998586, 0.43232565887265734, 0.4234367953608551, 0.38969763253945067, 0.3940614962403039]}