{"iters": [0, 1, 11, 21, 31, 41, 51, 61, 71, 81, 91, 101], "mAP_GC": [0.6708839109325817, 0.6372326151172234, 0.47743454511538663, 0.46479404786454326, 0.43926698443267037, 0.4423243726762577, 0.41785246467575965, 0.4234898852358899, 0.4352423616271724, 0.4188733242235267, 0.4238717438505319, 0.4255545255902682], "mAP_CT": [0.43891032562315785, 0.3257986752547001, 0.18745235734255292, 0.1884907144390461, 0.17309546349548283, 0.1753455572225005, 0.16666564443857124, 0.175773006684987, 0.17344588179953616, 0.17014987620308827, 0.16871140955257496, 0.1610776419799916], "mAP_SC": [0.40513934910739247, 0.30467609679052615, 0.1572758489506449, 0.15096079677450935, 0.13898770097864524, 0.13869074020688443, 0.13193993562480405, 0.14179430098911522, 0.14091691876521598, 0.13406666692154307, 0.1382379089105482, 0.1318974568087571]}