{"iters": [0, 1, 11, 21, 31, 41, 51, 61, 71, 81, 91, 101], "mAP_GC": [0.6708839109325817, 0.6405669881264636, 0.4326924903364657, 0.4255836036436433, 0.4120167457805958, 0.4041435314416892, 0.40236739536327526, 0.4047650820485906, 0.3894309829607191, 0.37967596435955053, 0.38357213556361264, 0.3819548704375756], "mAP_CT": [0.43891032562315785, 0.33033645101174897, 0.17308560873005807, 0.18795948884369107, 0.1673976646040169, 0.1493050921739693, 0.14905387848766055, 0.1486839293813669, 0.14706398155763759, 0.14946316473160237, 0.15390906055200063, 0.15915705615763664], "mAP_SC": [0.40513934910739247, 0.31029985915388114, 0.14224424771046656, 0.15690074574064145, 0.1516905186756064, 0.12490503350081154, 0.12483713288744525, 0.12006541622619686, 0.11839662765537655, 0.12020605982394184, 0.12192120166739251, 0.12699055716999105]}