{"iters": [0, 1, 11, 21, 31, 41, 51, 61, 71, 81, 91, 101], "mAP_GC": [0.6708839109325817, 0.6471637000175033, 0.5055905779101727, 0.5159884463769144, 0.5047595987672296, 0.5058677579942018, 0.5069228971848517, 0.5075532444078935, 0.5080518255403942, 0.5262299851341564, 0.520134218207397, 0.522429994512013], "mAP_CT": [0.43891032562315785, 0.30948168325694325, 0.1870213322214953, 0.21086366478707855, 0.19970640509567422, 0.2001740441427696, 0.21716394468113673, 0.1991642767879518, 0.20560107911285672, 0.21358291148306813, 0.21484889828476, 0.213865224742039], "mAP_SC": [0.40513934910739247, 0.2962189502714051, 0.15335401067779994, 0.16978313035218995, 0.15837681473463852, 0.16199303919621255, 0.17468275151133122, 0.16026660444245583, 0.16675062469493585, 0.18062330674929358, 0.17774096965699132, 0.1763602422393527]}