{"iters": [0, 1, 11, 21, 31, 41, 51, 61, 71, 81, 91, 101], "mAP_GC": [0.6638056451298865, 0.6444611342726481, 0.6269215899463021, 0.6254082999398777, 0.6366624399151923, 0.6519507925150354, 0.6641009944347628, 0.683040403254861, 0.6850525198643203, 0.6884396074054567, 0.6867794746745882, 0.6869547668521385], "mAP_CT": [0.3463802138272414, 0.4154755422645631, 0.7573664728546308, 0.7722824485456065, 0.7091892310905469, 0.7032952870143272, 0.6446370861358284, 0.611697883579269, 0.6138579643181036, 0.5906162032412032, 0.5975036286239847, 0.5971182362385923], "mAP_SC": [0.28630029776276467, 0.4189796131047074, 0.4799272614512414, 0.4991906433326919, 0.504655724814974, 0.4805379571738879, 0.41992523642520097, 0.47252707462102683, 0.4491115714330785, 0.4736414231995782, 0.49540183228698453, 0.4983171176189365]}