{"iters": [0, 1, 11, 21, 31, 41, 51, 61, 71, 81, 91, 101], "mAP_GC": [0.6708839109325817, 0.630978314358387, 0.506984735942971, 0.4932913480760015, 0.487699387912821, 0.5036833323197453, 0.5224370085955172, 0.5232108525746867, 0.5369256908508855, 0.5412887565903792, 0.5476334578625149, 0.541461165017295], "mAP_CT": [0.43891032562315785, 0.3132373440291025, 0.190644876123855, 0.1941351445549832, 0.21652917035623803, 0.20446054134490668, 0.2209215418730824, 0.20618570329461205, 0.21192568141395193, 0.21281485033625494, 0.21639435640332552, 0.21492841813758998], "mAP_SC": [0.40513934910739247, 0.291305199425101, 0.15032333549099308, 0.155399407645246, 0.16513762359697032, 0.16742959933571297, 0.18770795910191726, 0.1737904300481905, 0.18986009769846993, 0.19195438942843385, 0.20206602572415394, 0.19163217038305622]}